"PLOT","INVYR","Common.Name","DEAD","ELEV","LON","LAT"
80017,2007,"Douglas-fir",1,5940,-111.436421,34.430703
80017,2017,"Douglas-fir",0,5940,-111.436421,34.430703
80050,2008,"Douglas-fir",4,7700,-110.843833,31.727166
80050,2018,"Douglas-fir",4,7700,-110.843833,31.727166
80082,2005,"Douglas-fir",0,6320,-110.916835,34.283851
80082,2015,"Douglas-fir",1,6320,-110.916835,34.283851
80186,2004,"Douglas-fir",0,6040,-111.082966,34.362418
80186,2014,"Douglas-fir",0,6040,-111.082966,34.362418
80304,2005,"Douglas-fir",1,6560,-110.479504,34.225248
80304,2015,"Douglas-fir",1,6560,-110.479504,34.225248
80342,2001,"Douglas-fir",0,8020,-109.331941,33.561189
80342,2011,"Douglas-fir",2,8020,-109.331941,33.561189
80342,2021,"Douglas-fir",2,8020,-109.331941,33.561189
80358,2004,"Douglas-fir",4,8340,-109.251962,31.845898
80358,2014,"Douglas-fir",8,8340,-109.251962,31.845898
80406,2004,"Douglas-fir",0,8980,-112.165407,36.36761
80406,2014,"Douglas-fir",0,8980,-112.165407,36.36761
80411,2010,"Douglas-fir",0,9620,-109.644946,33.975422
80411,2020,"Douglas-fir",1,9620,-109.644946,33.975422
80493,2009,"Douglas-fir",2,8050,-109.274746,33.698489
80493,2019,"Douglas-fir",12,8050,-109.274746,33.698489
80527,2003,"Douglas-fir",0,7620,-109.061769,33.56193
80527,2013,"Douglas-fir",1,7620,-109.061769,33.56193
80558,2001,"Douglas-fir",1,8310,-109.749982,34.01936
80558,2011,"Douglas-fir",3,8310,-109.749982,34.01936
80558,2021,"Douglas-fir",0,8310,-109.749982,34.01936
80678,2007,"Douglas-fir",1,6130,-110.292676,34.114358
80747,2002,"Douglas-fir",1,7720,-109.152109,36.394259
80747,2012,"Douglas-fir",2,7720,-109.152109,36.394259
80798,2007,"Douglas-fir",0,7780,-111.005095,34.38637
80798,2017,"Douglas-fir",1,7780,-111.005095,34.38637
80908,2007,"Douglas-fir",3,7950,-110.814071,32.434074
80908,2017,"Douglas-fir",12,7950,-110.814071,32.434074
80921,2011,"Douglas-fir",0,5740,-109.916181,33.936078
80921,2021,"Douglas-fir",0,5740,-109.916181,33.936078
80941,2014,"Douglas-fir",0,7620,-110.952409,34.344444
80948,2008,"Douglas-fir",1,5580,-111.097549,34.340798
80948,2018,"Douglas-fir",1,5580,-111.097549,34.340798
80977,2004,"Douglas-fir",0,6880,-109.973259,34.027474
80977,2014,"Douglas-fir",0,6880,-109.973259,34.027474
81011,2014,"Douglas-fir",0,8610,-109.101467,36.400869
81013,2010,"Douglas-fir",15,9050,-109.11066,33.786068
81013,2020,"Douglas-fir",38,9050,-109.11066,33.786068
81039,2007,"Douglas-fir",1,7620,-109.160035,36.495331
81039,2017,"Douglas-fir",3,7620,-109.160035,36.495331
81134,2004,"Douglas-fir",7,6470,-111.382097,34.392021
81134,2014,"Douglas-fir",6,6470,-111.382097,34.392021
81195,2008,"Douglas-fir",1,6440,-112.338194,36.367801
81195,2018,"Douglas-fir",3,6440,-112.338194,36.367801
81226,2001,"Douglas-fir",0,7490,-111.306661,34.451708
81226,2011,"Douglas-fir",4,7490,-111.306661,34.451708
81226,2021,"Douglas-fir",8,7490,-111.306661,34.451708
81274,2008,"Douglas-fir",1,6580,-110.13108,34.028846
81274,2018,"Douglas-fir",6,6580,-110.13108,34.028846
81398,2006,"Douglas-fir",6,8820,-109.841835,32.642243
81398,2016,"Douglas-fir",14,8820,-109.841835,32.642243
81408,2002,"Douglas-fir",0,9180,-111.657875,35.376168
81408,2012,"Douglas-fir",1,9180,-111.657875,35.376168
81448,2008,"Douglas-fir",1,7970,-109.113265,36.311354
81448,2018,"Douglas-fir",1,7970,-109.113265,36.311354
81475,2014,"Douglas-fir",1,6830,-109.224076,36.133132
81545,2004,"Douglas-fir",1,8840,-112.16772,36.497929
81545,2014,"Douglas-fir",1,8840,-112.16772,36.497929
81575,2006,"Douglas-fir",0,6780,-110.723174,34.20456
81575,2016,"Douglas-fir",0,6780,-110.723174,34.20456
81578,2008,"Douglas-fir",4,8710,-109.273102,33.654905
81578,2018,"Douglas-fir",10,8710,-109.273102,33.654905
81589,2010,"Douglas-fir",0,7030,-110.931903,33.861951
81589,2020,"Douglas-fir",1,7030,-110.931903,33.861951
81638,2006,"Douglas-fir",1,9300,-109.616136,33.993697
81638,2016,"Douglas-fir",1,9300,-109.616136,33.993697
81670,2007,"Douglas-fir",0,9040,-109.595102,34.017347
81670,2017,"Douglas-fir",1,9040,-109.595102,34.017347
81746,2008,"Douglas-fir",3,8530,-112.172911,36.638896
81746,2018,"Douglas-fir",3,8530,-112.172911,36.638896
81770,2010,"Douglas-fir",0,5900,-110.186915,33.977613
81770,2020,"Douglas-fir",2,5900,-110.186915,33.977613
81780,2006,"Douglas-fir",0,7560,-109.230758,35.588911
81780,2016,"Douglas-fir",1,7560,-109.230758,35.588911
81800,2009,"Douglas-fir",3,7060,-109.250963,31.93967
81800,2019,"Douglas-fir",6,7060,-109.250963,31.93967
81807,2002,"Douglas-fir",0,8760,-109.433089,33.835968
81807,2012,"Douglas-fir",3,8760,-109.433089,33.835968
81826,2007,"Douglas-fir",0,8390,-110.319359,31.409939
81826,2017,"Douglas-fir",0,8390,-110.319359,31.409939
81831,2006,"Douglas-fir",0,6130,-109.210305,33.602894
81831,2016,"Douglas-fir",2,6130,-109.210305,33.602894
81862,2007,"Douglas-fir",1,8330,-109.315999,33.694017
81862,2017,"Douglas-fir",13,8330,-109.315999,33.694017
81867,2006,"Douglas-fir",1,6800,-112.325563,34.171716
81867,2016,"Douglas-fir",5,6800,-112.325563,34.171716
81906,2007,"Douglas-fir",0,8500,-112.238689,36.414033
81906,2017,"Douglas-fir",1,8500,-112.238689,36.414033
81918,2008,"Douglas-fir",0,6410,-111.823818,35.018983
81918,2018,"Douglas-fir",5,6410,-111.823818,35.018983
81929,2002,"Douglas-fir",2,7270,-109.888083,36.321454
81929,2012,"Douglas-fir",7,7270,-109.888083,36.321454
81941,2009,"Douglas-fir",0,9430,-109.11389,33.878696
81941,2019,"Douglas-fir",2,9430,-109.11389,33.878696
81974,2009,"Douglas-fir",0,7900,-111.90318,35.453509
81974,2019,"Douglas-fir",0,7900,-111.90318,35.453509
81994,2011,"Douglas-fir",0,5960,-111.033376,34.28005
81994,2021,"Douglas-fir",0,5960,-111.033376,34.28005
82187,2002,"Douglas-fir",6,7760,-109.30933,31.851354
82187,2012,"Douglas-fir",17,7760,-109.30933,31.851354
82200,2003,"Douglas-fir",5,8540,-110.790426,32.449586
82200,2013,"Douglas-fir",6,8540,-110.790426,32.449586
82202,2003,"Douglas-fir",5,7020,-110.832837,34.250051
82202,2013,"Douglas-fir",5,7020,-110.832837,34.250051
82330,2010,"Douglas-fir",0,7090,-109.822163,33.347486
82330,2020,"Douglas-fir",4,7090,-109.822163,33.347486
82372,2007,"Douglas-fir",4,8010,-111.824296,35.427059
82372,2017,"Douglas-fir",4,8010,-111.824296,35.427059
82488,2002,"Douglas-fir",2,6560,-110.026666,34.159067
82488,2012,"Douglas-fir",1,6560,-110.026666,34.159067
82604,2004,"Douglas-fir",2,7160,-111.22152,34.473149
82604,2014,"Douglas-fir",8,7160,-111.22152,34.473149
82619,2010,"Douglas-fir",0,7700,-109.066575,36.130823
82619,2020,"Douglas-fir",0,7700,-109.066575,36.130823
82678,2004,"Douglas-fir",0,8070,-109.252248,33.946694
82678,2014,"Douglas-fir",0,8070,-109.252248,33.946694
82697,2005,"Douglas-fir",1,7980,-109.991,32.717604
82697,2015,"Douglas-fir",1,7980,-109.991,32.717604
82789,2006,"Douglas-fir",1,7780,-110.325099,36.643592
82789,2016,"Douglas-fir",1,7780,-110.325099,36.643592
82811,2001,"Douglas-fir",0,7980,-111.846697,35.440098
82811,2011,"Douglas-fir",1,7980,-111.846697,35.440098
82811,2021,"Douglas-fir",0,7980,-111.846697,35.440098
82844,2007,"Douglas-fir",0,8420,-111.656514,35.289382
82844,2017,"Douglas-fir",0,8420,-111.656514,35.289382
83048,2005,"Douglas-fir",0,8670,-109.489266,34.064224
83048,2015,"Douglas-fir",0,8670,-109.489266,34.064224
83057,2005,"Douglas-fir",0,7550,-111.191354,34.452884
83057,2015,"Douglas-fir",0,7550,-111.191354,34.452884
83073,2010,"Douglas-fir",2,8090,-112.282027,36.362123
83073,2020,"Douglas-fir",2,8090,-112.282027,36.362123
83080,2006,"Douglas-fir",1,6730,-109.97004,33.974975
83080,2016,"Douglas-fir",1,6730,-109.97004,33.974975
83139,2007,"Douglas-fir",0,8020,-109.162574,36.449984
83139,2017,"Douglas-fir",0,8020,-109.162574,36.449984
83166,2003,"Douglas-fir",1,6870,-110.523648,32.132029
83166,2013,"Douglas-fir",2,6870,-110.523648,32.132029
83218,2005,"Douglas-fir",1,9020,-109.479342,33.974481
83218,2010,"Douglas-fir",0,9020,-109.479342,33.974481
83218,2020,"Douglas-fir",1,9020,-109.479342,33.974481
83287,2006,"Douglas-fir",0,8670,-111.991024,35.335479
83287,2016,"Douglas-fir",0,8670,-111.991024,35.335479
83296,2006,"Douglas-fir",1,9280,-109.319065,33.972048
83296,2016,"Douglas-fir",4,9280,-109.319065,33.972048
83319,2002,"Douglas-fir",4,9410,-109.168007,33.830833
83319,2012,"Douglas-fir",12,9410,-109.168007,33.830833
83336,2001,"Douglas-fir",0,7430,-110.736655,34.28126
83336,2011,"Douglas-fir",26,7430,-110.736655,34.28126
83336,2021,"Douglas-fir",18,7430,-110.736655,34.28126
83364,2007,"Douglas-fir",6,6760,-110.73417,34.252865
83364,2017,"Douglas-fir",6,6760,-110.73417,34.252865
83438,2019,"Douglas-fir",1,6660,-111.058015,34.612122
83440,2007,"Douglas-fir",8,6210,-110.839518,34.115293
83440,2017,"Douglas-fir",9,6210,-110.839518,34.115293
83479,2009,"Douglas-fir",16,8100,-112.059719,36.22762
83479,2019,"Douglas-fir",7,8100,-112.059719,36.22762
83519,2018,"Douglas-fir",0,5910,-109.86473,33.843057
83702,2007,"Douglas-fir",3,6030,-110.565262,34.11856
83702,2017,"Douglas-fir",2,6030,-110.565262,34.11856
83753,2004,"Douglas-fir",3,6490,-110.378128,34.145669
83753,2014,"Douglas-fir",3,6490,-110.378128,34.145669
83849,2003,"Douglas-fir",8,7250,-110.678151,34.254539
83849,2013,"Douglas-fir",8,7250,-110.678151,34.254539
83913,2001,"Douglas-fir",7,7060,-110.604352,34.234076
83913,2011,"Douglas-fir",7,7060,-110.604352,34.234076
83913,2021,"Douglas-fir",1,7060,-110.604352,34.234076
83916,2010,"Douglas-fir",0,6560,-110.076971,34.025688
83916,2020,"Douglas-fir",0,6560,-110.076971,34.025688
83928,2003,"Douglas-fir",3,6510,-110.403793,34.253914
83928,2013,"Douglas-fir",1,6510,-110.403793,34.253914
83977,2005,"Douglas-fir",0,9060,-112.145227,36.396263
83977,2015,"Douglas-fir",0,9060,-112.145227,36.396263
84033,2007,"Douglas-fir",0,8330,-109.267313,36.539022
84033,2017,"Douglas-fir",1,8330,-109.267313,36.539022
84094,2005,"Douglas-fir",0,7330,-109.707501,33.661145
84094,2015,"Douglas-fir",0,7330,-109.707501,33.661145
84182,2005,"Douglas-fir",2,6530,-110.782831,34.254209
84182,2015,"Douglas-fir",2,6530,-110.782831,34.254209
84211,2005,"Douglas-fir",0,7310,-110.781099,34.383421
84211,2015,"Douglas-fir",0,7310,-110.781099,34.383421
84213,2005,"Douglas-fir",1,9630,-109.482764,33.922886
84213,2015,"Douglas-fir",3,9630,-109.482764,33.922886
84262,2010,"Douglas-fir",1,9080,-109.878611,32.665509
84262,2020,"Douglas-fir",9,9080,-109.878611,32.665509
84295,2006,"Douglas-fir",1,8790,-112.119492,36.367417
84295,2016,"Douglas-fir",2,8790,-112.119492,36.367417
84339,2001,"Douglas-fir",2,7750,-109.648685,33.753893
84339,2011,"Douglas-fir",2,7750,-109.648685,33.753893
84339,2021,"Douglas-fir",5,7750,-109.648685,33.753893
84381,2001,"Douglas-fir",2,6380,-110.688329,32.417667
84381,2011,"Douglas-fir",2,6380,-110.688329,32.417667
84381,2021,"Douglas-fir",0,6380,-110.688329,32.417667
84393,2006,"Douglas-fir",5,7090,-110.623075,34.158985
84393,2016,"Douglas-fir",4,7090,-110.623075,34.158985
84435,2008,"Douglas-fir",1,8620,-109.702503,33.977313
84435,2018,"Douglas-fir",2,8620,-109.702503,33.977313
84523,2009,"Douglas-fir",0,6720,-110.076323,34.069922
84523,2019,"Douglas-fir",0,6720,-110.076323,34.069922
84543,2003,"Douglas-fir",2,8710,-112.205937,36.392995
84543,2013,"Douglas-fir",3,8710,-112.205937,36.392995
84565,2009,"Douglas-fir",4,6370,-111.76908,34.929472
84565,2019,"Douglas-fir",4,6370,-111.76908,34.929472
84600,2002,"Douglas-fir",0,8380,-112.061467,36.454899
84600,2012,"Douglas-fir",0,8380,-112.061467,36.454899
84611,2002,"Douglas-fir",1,9950,-109.597998,33.97469
84611,2012,"Douglas-fir",1,9950,-109.597998,33.97469
84681,2005,"Douglas-fir",1,7930,-111.736531,35.445898
84681,2015,"Douglas-fir",1,7930,-111.736531,35.445898
84682,2005,"Douglas-fir",0,8120,-109.384877,33.702197
84682,2015,"Douglas-fir",1,8120,-109.384877,33.702197
84694,2007,"Douglas-fir",9,6480,-110.428506,34.222283
84694,2017,"Douglas-fir",9,6480,-110.428506,34.222283
84718,2003,"Douglas-fir",0,7390,-111.381646,34.436439
84718,2013,"Douglas-fir",0,7390,-111.381646,34.436439
84726,2005,"Douglas-fir",0,8960,-109.37728,33.883202
84726,2015,"Douglas-fir",8,8960,-109.37728,33.883202
84756,2002,"Douglas-fir",10,6300,-110.56917,34.211415
84756,2012,"Douglas-fir",9,6300,-110.56917,34.211415
84763,2007,"Douglas-fir",0,8270,-109.165119,33.879941
84763,2017,"Douglas-fir",0,8270,-109.165119,33.879941
84808,2009,"Douglas-fir",2,7120,-109.812635,34.065245
84808,2019,"Douglas-fir",3,7120,-109.812635,34.065245
84944,2002,"Douglas-fir",0,7320,-111.271901,34.478532
84944,2012,"Douglas-fir",0,7320,-111.271901,34.478532
84954,2004,"Douglas-fir",1,8820,-109.704412,33.837896
84954,2014,"Douglas-fir",1,8820,-109.704412,33.837896
84992,2009,"Douglas-fir",2,6910,-110.652227,34.23594
84992,2019,"Douglas-fir",2,6910,-110.652227,34.23594
85004,2002,"Douglas-fir",0,8500,-111.719177,35.37401
85004,2012,"Douglas-fir",1,8500,-111.719177,35.37401
85193,2004,"Douglas-fir",0,9720,-109.535493,33.973996
85193,2014,"Douglas-fir",0,9720,-109.535493,33.973996
85333,2004,"Douglas-fir",0,8600,-109.811402,33.974089
85333,2014,"Douglas-fir",0,8600,-109.811402,33.974089
85342,2010,"Douglas-fir",2,8800,-112.120163,36.459148
85342,2020,"Douglas-fir",2,8800,-112.120163,36.459148
85442,2005,"Douglas-fir",0,9390,-109.6488,33.882661
85442,2015,"Douglas-fir",0,9390,-109.6488,33.882661
85533,2010,"Douglas-fir",3,8370,-111.606093,35.33422
85533,2020,"Douglas-fir",3,8370,-111.606093,35.33422
85566,2003,"Douglas-fir",1,6500,-110.970205,34.278741
85566,2013,"Douglas-fir",2,6500,-110.970205,34.278741
85585,2001,"Douglas-fir",0,6960,-111.462669,34.418294
85585,2011,"Douglas-fir",0,6960,-111.462669,34.418294
85585,2021,"Douglas-fir",0,6960,-111.462669,34.418294
85622,2003,"Douglas-fir",3,8660,-109.427119,34.021175
85622,2013,"Douglas-fir",37,8660,-109.427119,34.021175
85709,2004,"Douglas-fir",0,8620,-109.665348,34.000347
85709,2014,"Douglas-fir",1,8620,-109.665348,34.000347
85727,2007,"Douglas-fir",2,6110,-109.908144,34.42407
85727,2017,"Douglas-fir",2,6110,-109.908144,34.42407
85737,2001,"Douglas-fir",2,8220,-109.056279,33.877509
85737,2011,"Douglas-fir",3,8220,-109.056279,33.877509
85737,2021,"Douglas-fir",1,8220,-109.056279,33.877509
85802,2001,"Douglas-fir",1,8270,-112.26009,36.396847
85802,2011,"Douglas-fir",2,8270,-112.26009,36.396847
85802,2021,"Douglas-fir",1,8270,-112.26009,36.396847
85848,2006,"Douglas-fir",0,8330,-112.258286,36.474253
85848,2016,"Douglas-fir",0,8330,-112.258286,36.474253
85912,2004,"Douglas-fir",1,7890,-112.316818,36.477096
85912,2014,"Douglas-fir",1,7890,-112.316818,36.477096
85930,2005,"Douglas-fir",4,6910,-110.946843,33.803567
85930,2015,"Douglas-fir",4,6910,-110.946843,33.803567
85962,2009,"Douglas-fir",7,8710,-112.178938,36.586697
85962,2019,"Douglas-fir",7,8710,-112.178938,36.586697
85984,2004,"Douglas-fir",0,6710,-112.344624,36.638323
85984,2014,"Douglas-fir",1,6710,-112.344624,36.638323
86037,2008,"Douglas-fir",1,8860,-112.206371,36.473181
86037,2018,"Douglas-fir",1,8860,-112.206371,36.473181
86047,2008,"Douglas-fir",0,7400,-109.83919,34.003222
86047,2018,"Douglas-fir",0,7400,-109.83919,34.003222
86056,2003,"Douglas-fir",0,9090,-109.706387,33.889143
86056,2013,"Douglas-fir",0,9090,-109.706387,33.889143
86068,2001,"Douglas-fir",0,7940,-112.11452,36.592631
86068,2011,"Douglas-fir",7,7940,-112.11452,36.592631
86068,2021,"Douglas-fir",5,7940,-112.11452,36.592631
86077,2003,"Douglas-fir",0,5460,-111.820992,34.968767
86077,2013,"Douglas-fir",0,5460,-111.820992,34.968767
86154,2003,"Douglas-fir",0,9660,-109.536899,33.932796
86154,2013,"Douglas-fir",0,9660,-109.536899,33.932796
86216,2007,"Douglas-fir",3,6790,-111.004833,34.571882
86216,2017,"Douglas-fir",6,6790,-111.004833,34.571882
86260,2003,"Douglas-fir",0,7810,-112.060868,36.414111
86260,2013,"Douglas-fir",0,7810,-112.060868,36.414111
86359,2009,"Douglas-fir",2,8400,-112.226751,36.365885
86359,2019,"Douglas-fir",1,8400,-112.226751,36.365885
86369,2003,"Douglas-fir",0,8780,-112.179933,36.546194
86369,2013,"Douglas-fir",4,8780,-112.179933,36.546194
86534,2001,"Douglas-fir",9,5680,-110.35659,34.070829
86534,2011,"Douglas-fir",8,5680,-110.35659,34.070829
86534,2021,"Douglas-fir",4,5680,-110.35659,34.070829
86549,2007,"Douglas-fir",0,7600,-109.176793,33.735139
86549,2017,"Douglas-fir",2,7600,-109.176793,33.735139
86579,2005,"Douglas-fir",0,8680,-109.641345,34.023344
86579,2015,"Douglas-fir",0,8680,-109.641345,34.023344
86654,2002,"Douglas-fir",0,6320,-110.021083,34.021811
86654,2012,"Douglas-fir",0,6320,-110.021083,34.021811
86657,2004,"Douglas-fir",1,5900,-110.686001,34.161774
86657,2014,"Douglas-fir",1,5900,-110.686001,34.161774
86756,2001,"Douglas-fir",1,6480,-110.895436,34.250458
86756,2011,"Douglas-fir",2,6480,-110.895436,34.250458
86756,2021,"Douglas-fir",1,6480,-110.895436,34.250458
86791,2003,"Douglas-fir",0,8080,-109.108455,36.358825
86791,2013,"Douglas-fir",0,8080,-109.108455,36.358825
86817,2005,"Douglas-fir",3,8070,-109.057708,36.174511
86817,2015,"Douglas-fir",6,8070,-109.057708,36.174511
86880,2004,"Douglas-fir",0,9140,-109.54143,34.105446
86880,2014,"Douglas-fir",0,9140,-109.54143,34.105446
86969,2005,"Douglas-fir",5,6940,-110.622683,34.252587
86969,2015,"Douglas-fir",4,6940,-110.622683,34.252587
86987,2006,"Douglas-fir",5,6590,-111.016929,34.351396
86987,2016,"Douglas-fir",0,6590,-111.016929,34.351396
87020,2021,"Douglas-fir",1,6120,-111.87274,34.97171
87102,2005,"Douglas-fir",7,8600,-111.876431,35.421484
87102,2015,"Douglas-fir",6,8600,-111.876431,35.421484
87161,2005,"Douglas-fir",1,9040,-109.212627,33.877815
87161,2015,"Douglas-fir",8,9040,-109.212627,33.877815
87308,2004,"Douglas-fir",0,9100,-109.213434,33.837154
87308,2009,"Douglas-fir",0,9100,-109.213434,33.837154
87308,2019,"Douglas-fir",3,9100,-109.213434,33.837154
87321,2006,"Douglas-fir",0,8630,-109.652848,33.841008
87321,2016,"Douglas-fir",0,8630,-109.652848,33.841008
87324,2004,"Douglas-fir",3,9880,-109.105582,33.966047
87324,2014,"Douglas-fir",9,9880,-109.105582,33.966047
87373,2010,"Douglas-fir",23,7150,-110.623006,34.206406
87373,2020,"Douglas-fir",3,7150,-110.623006,34.206406
87454,2009,"Douglas-fir",8,7880,-109.053522,36.266431
87454,2019,"Douglas-fir",9,7880,-109.053522,36.266431
87466,2006,"Douglas-fir",1,9290,-109.334642,33.659674
87466,2016,"Douglas-fir",5,9290,-109.334642,33.659674
87488,2007,"Douglas-fir",0,8810,-112.088598,36.395788
87488,2017,"Douglas-fir",0,8810,-112.088598,36.395788
87578,2008,"Douglas-fir",0,8240,-109.436605,33.794638
87578,2018,"Douglas-fir",2,8240,-109.436605,33.794638
87729,2001,"Douglas-fir",0,8350,-109.59436,33.797621
87729,2011,"Douglas-fir",0,8350,-109.59436,33.797621
87729,2021,"Douglas-fir",0,8350,-109.59436,33.797621
87748,2009,"Douglas-fir",0,7210,-110.943021,33.888659
87748,2019,"Douglas-fir",4,7210,-110.943021,33.888659
87811,2004,"Douglas-fir",1,8180,-109.387982,33.657974
87811,2014,"Douglas-fir",3,8180,-109.387982,33.657974
87918,2005,"Douglas-fir",0,7800,-111.053451,34.38851
87918,2015,"Douglas-fir",0,7800,-111.053451,34.38851
87924,2008,"Douglas-fir",0,9190,-109.540342,33.83907
87924,2018,"Douglas-fir",0,9190,-109.540342,33.83907
87934,2004,"Douglas-fir",1,7620,-110.668787,34.292899
87966,2003,"Douglas-fir",0,8620,-109.271027,33.969094
87966,2008,"Douglas-fir",0,8620,-109.271027,33.969094
87966,2018,"Douglas-fir",1,8620,-109.271027,33.969094
88020,2007,"Douglas-fir",0,5330,-110.028165,33.753944
88020,2017,"Douglas-fir",0,5330,-110.028165,33.753944
88031,2002,"Douglas-fir",0,6730,-111.005009,34.345781
88031,2012,"Douglas-fir",7,6730,-111.005009,34.345781
88064,2005,"Douglas-fir",0,8050,-109.224257,33.74425
88064,2015,"Douglas-fir",7,8050,-109.224257,33.74425
88300,2009,"Douglas-fir",0,8770,-109.248841,33.864848
88300,2019,"Douglas-fir",2,8770,-109.248841,33.864848
88364,2008,"Douglas-fir",1,8450,-109.441933,33.615615
88364,2018,"Douglas-fir",4,8450,-109.441933,33.615615
88367,2010,"Douglas-fir",1,7620,-110.915808,34.358867
88367,2020,"Douglas-fir",1,7620,-110.915808,34.358867
88372,2002,"Douglas-fir",1,8930,-109.333241,33.609356
88372,2012,"Douglas-fir",22,8930,-109.333241,33.609356
88386,2010,"Douglas-fir",0,7510,-111.051593,34.476763
88386,2020,"Douglas-fir",0,7510,-111.051593,34.476763
88463,2002,"Douglas-fir",0,8610,-109.165095,33.969317
88463,2012,"Douglas-fir",13,8610,-109.165095,33.969317
88525,2007,"Douglas-fir",0,9620,-109.928557,32.714262
88525,2017,"Douglas-fir",1,9620,-109.928557,32.714262
88579,2008,"Douglas-fir",1,10340,-109.118525,33.928597
88579,2018,"Douglas-fir",1,10340,-109.118525,33.928597
88608,2010,"Douglas-fir",1,7300,-111.049292,34.344777
88608,2020,"Douglas-fir",1,7300,-111.049292,34.344777
88629,2008,"Douglas-fir",1,9220,-109.559758,33.99601
88629,2018,"Douglas-fir",2,9220,-109.559758,33.99601
88735,2010,"Douglas-fir",3,7050,-110.786554,34.296124
88735,2020,"Douglas-fir",2,7050,-110.786554,34.296124
88867,2007,"Douglas-fir",0,7930,-112.229322,36.278137
88867,2017,"Douglas-fir",0,7930,-112.229322,36.278137
88932,2004,"Douglas-fir",0,8610,-109.375736,33.834079
88932,2014,"Douglas-fir",5,8610,-109.375736,33.834079
88977,2016,"Douglas-fir",4,6050,-110.310923,34.133393
88985,2003,"Douglas-fir",1,6950,-109.254055,31.894277
88985,2013,"Douglas-fir",1,6950,-109.254055,31.894277
89097,2002,"Douglas-fir",1,6040,-110.994786,33.845523
89097,2012,"Douglas-fir",2,6040,-110.994786,33.845523
89153,2006,"Douglas-fir",0,8510,-109.492091,33.792418
89153,2016,"Douglas-fir",0,8510,-109.492091,33.792418
89209,2002,"Douglas-fir",0,6570,-110.257356,32.49528
89209,2012,"Douglas-fir",0,6570,-110.257356,32.49528
89214,2009,"Douglas-fir",1,9080,-112.175331,36.41402
89214,2019,"Douglas-fir",1,9080,-112.175331,36.41402
89252,2009,"Douglas-fir",10,9720,-109.881188,32.710644
89252,2019,"Douglas-fir",9,9720,-109.881188,32.710644
89272,2004,"Douglas-fir",0,6560,-109.361533,31.854578
89272,2009,"Douglas-fir",0,6560,-109.361533,31.854578
89272,2019,"Douglas-fir",1,6560,-109.361533,31.854578
89273,2005,"Douglas-fir",0,8170,-112.12218,36.545191
89273,2015,"Douglas-fir",0,8170,-112.12218,36.545191
89318,2003,"Douglas-fir",2,7510,-111.256407,34.449612
89318,2013,"Douglas-fir",2,7510,-111.256407,34.449612
89351,2004,"Douglas-fir",0,6340,-109.552027,33.620924
89351,2014,"Douglas-fir",1,6340,-109.552027,33.620924
89413,2002,"Douglas-fir",6,5850,-110.7187,37.001886
89413,2012,"Douglas-fir",4,5850,-110.7187,37.001886
89508,2011,"Douglas-fir",1,7810,-109.306071,31.897079
89508,2021,"Douglas-fir",1,7810,-109.306071,31.897079
89537,2008,"Douglas-fir",1,8620,-109.154517,33.783556
89537,2018,"Douglas-fir",5,8620,-109.154517,33.783556
89783,2009,"Douglas-fir",0,6780,-112.35898,34.245242
89783,2019,"Douglas-fir",11,6780,-112.35898,34.245242
89914,2003,"Douglas-fir",0,6610,-109.859226,33.933408
89914,2013,"Douglas-fir",0,6610,-109.859226,33.933408
90036,2002,"Douglas-fir",2,9130,-109.435013,33.968815
90036,2012,"Douglas-fir",12,9130,-109.435013,33.968815
90050,2009,"Douglas-fir",1,7550,-110.757744,32.418625
90050,2019,"Douglas-fir",5,7550,-110.757744,32.418625
90094,2007,"Douglas-fir",2,7180,-112.419881,34.424451
90094,2017,"Douglas-fir",2,7180,-112.419881,34.424451
90175,2010,"Douglas-fir",0,7320,-111.877339,35.467748
90175,2020,"Douglas-fir",0,7320,-111.877339,35.467748
90216,2009,"Douglas-fir",0,7620,-112.284549,36.720681
90216,2019,"Douglas-fir",0,7620,-112.284549,36.720681
90288,2009,"Douglas-fir",0,7690,-112.342505,36.410765
90288,2019,"Douglas-fir",0,7690,-112.342505,36.410765
90299,2003,"Douglas-fir",0,7930,-109.227128,35.866537
90299,2013,"Douglas-fir",0,7930,-109.227128,35.866537
90314,2001,"Douglas-fir",0,7480,-111.006848,34.430143
90314,2011,"Douglas-fir",1,7480,-111.006848,34.430143
90314,2021,"Douglas-fir",3,7480,-111.006848,34.430143
90353,2001,"Douglas-fir",0,7990,-109.322505,34.061693
90353,2011,"Douglas-fir",4,7990,-109.322505,34.061693
90353,2021,"Douglas-fir",1,7990,-109.322505,34.061693
90379,2006,"Douglas-fir",3,5990,-110.346015,33.980634
90379,2016,"Douglas-fir",4,5990,-110.346015,33.980634
90381,2004,"Douglas-fir",5,8850,-109.829134,32.62397
90381,2014,"Douglas-fir",10,8850,-109.829134,32.62397
90454,2006,"Douglas-fir",0,7600,-109.494174,33.610248
90454,2016,"Douglas-fir",0,7600,-109.494174,33.610248
90466,2010,"Douglas-fir",7,6980,-111.492491,34.026513
90466,2020,"Douglas-fir",7,6980,-111.492491,34.026513
90509,2009,"Douglas-fir",0,8460,-109.708259,34.116631
90509,2019,"Douglas-fir",0,8460,-109.708259,34.116631
90526,2006,"Douglas-fir",1,6320,-110.511584,34.20929
90526,2016,"Douglas-fir",1,6320,-110.511584,34.20929
90568,2001,"Douglas-fir",0,8860,-112.105298,36.407328
90568,2011,"Douglas-fir",2,8860,-112.105298,36.407328
90568,2021,"Douglas-fir",2,8860,-112.105298,36.407328
90587,2003,"Douglas-fir",0,7350,-110.83674,34.385282
90587,2013,"Douglas-fir",1,7350,-110.83674,34.385282
90651,2007,"Douglas-fir",3,5680,-110.409162,33.617305
90651,2017,"Douglas-fir",3,5680,-110.409162,33.617305
90832,2002,"Douglas-fir",1,6780,-111.146398,34.370674
90832,2012,"Douglas-fir",1,6780,-111.146398,34.370674
90865,2006,"Douglas-fir",0,8570,-112.121589,36.505871
90865,2016,"Douglas-fir",0,8570,-112.121589,36.505871
90873,2010,"Douglas-fir",0,7840,-109.234281,35.819347
90873,2020,"Douglas-fir",0,7840,-109.234281,35.819347
90888,2008,"Douglas-fir",0,5970,-109.168374,33.611906
90888,2018,"Douglas-fir",3,5970,-109.168374,33.611906
90968,2006,"Douglas-fir",4,6260,-110.410471,32.67618
90968,2016,"Douglas-fir",4,6260,-110.410471,32.67618
90978,2003,"Douglas-fir",1,8430,-109.275201,33.881999
90978,2013,"Douglas-fir",6,8430,-109.275201,33.881999
91036,2002,"Douglas-fir",1,8450,-109.720602,34.005008
91036,2012,"Douglas-fir",2,8450,-109.720602,34.005008
91054,2007,"Douglas-fir",2,7370,-109.064181,33.51858
91054,2017,"Douglas-fir",3,7370,-109.064181,33.51858
91129,2010,"Douglas-fir",4,7090,-111.163657,34.526278
91129,2020,"Douglas-fir",25,7090,-111.163657,34.526278
91181,2003,"Douglas-fir",0,8320,-109.276349,33.568811
91181,2013,"Douglas-fir",4,8320,-109.276349,33.568811
91187,2002,"Douglas-fir",0,7400,-109.753237,33.839767
91187,2012,"Douglas-fir",0,7400,-109.753237,33.839767
91211,2003,"Douglas-fir",0,8020,-109.599073,33.751838
91211,2013,"Douglas-fir",1,8020,-109.599073,33.751838
91226,2001,"Douglas-fir",0,6820,-110.022668,34.068152
91226,2011,"Douglas-fir",0,6820,-110.022668,34.068152
91226,2021,"Douglas-fir",0,6820,-110.022668,34.068152
91276,2003,"Douglas-fir",1,8640,-112.059245,36.279866
91276,2013,"Douglas-fir",2,8640,-112.059245,36.279866
91284,2003,"Douglas-fir",0,6650,-112.413379,34.47195
91284,2013,"Douglas-fir",0,6650,-112.413379,34.47195
91454,2003,"Douglas-fir",3,7550,-109.439465,33.703022
91454,2013,"Douglas-fir",4,7550,-109.439465,33.703022
91487,2008,"Douglas-fir",2,7570,-109.253081,31.802683
91487,2018,"Douglas-fir",5,7570,-109.253081,31.802683
91500,2001,"Douglas-fir",0,8040,-109.758691,33.88456
91500,2011,"Douglas-fir",0,8040,-109.758691,33.88456
91500,2021,"Douglas-fir",0,8040,-109.758691,33.88456
91571,2004,"Douglas-fir",0,6520,-111.93407,35.014228
91571,2014,"Douglas-fir",3,6520,-111.93407,35.014228
91674,2001,"Douglas-fir",0,9200,-109.486381,33.883829
91674,2011,"Douglas-fir",0,9200,-109.486381,33.883829
91674,2021,"Douglas-fir",0,9200,-109.486381,33.883829
91843,2004,"Douglas-fir",1,8710,-109.641415,34.06611
91843,2009,"Douglas-fir",1,8710,-109.641415,34.06611
91843,2019,"Douglas-fir",2,8710,-109.641415,34.06611
91849,2004,"Douglas-fir",0,8420,-109.538098,33.793165
91849,2014,"Douglas-fir",0,8420,-109.538098,33.793165
91887,2008,"Douglas-fir",1,8180,-111.775113,35.37838
91887,2018,"Douglas-fir",1,8180,-111.775113,35.37838
91967,2003,"Douglas-fir",1,7680,-109.287897,35.815975
91967,2013,"Douglas-fir",5,7680,-109.287897,35.815975
91970,2005,"Douglas-fir",2,8870,-109.054963,36.360179
91970,2015,"Douglas-fir",4,8870,-109.054963,36.360179
91993,2001,"Douglas-fir",1,8780,-109.198805,33.855968
91993,2011,"Douglas-fir",17,8780,-109.198805,33.855968
91993,2021,"Douglas-fir",13,8780,-109.198805,33.855968
92066,2006,"Douglas-fir",3,7410,-110.624658,34.297489
92066,2016,"Douglas-fir",3,7410,-110.624658,34.297489
92072,2009,"Douglas-fir",0,6050,-109.963339,33.941316
92072,2019,"Douglas-fir",0,6050,-109.963339,33.941316
92081,2001,"Douglas-fir",0,7680,-109.33191,33.742428
92081,2011,"Douglas-fir",0,7680,-109.33191,33.742428
92081,2021,"Douglas-fir",0,7680,-109.33191,33.742428
92114,2001,"Douglas-fir",0,8130,-112.287633,36.54133
92114,2011,"Douglas-fir",0,8130,-112.287633,36.54133
92114,2021,"Douglas-fir",1,8130,-112.287633,36.54133
92182,2004,"Douglas-fir",0,8940,-112.208906,35.197614
92182,2014,"Douglas-fir",0,8940,-112.208906,35.197614
