Date,Time,Latitude,Longitude,Magnitude
5/3/16,20:20:55,37.204,-97.6108,2.6
5/2/16,3:04:47,37.2265,-97.975,2.6
5/1/16,5:37:39,37.2032,-97.8943,3.3
4/23/16,4:04:59,37.0687,-97.919,2.1
4/5/16,15:43:06,37.0112,-97.744,2.6
4/2/16,23:26:10,37.0549,-97.737,2.6
4/1/16,16:34:57,37.3207,-97.4957,1.9
3/21/16,0:25:57,37.5941,-97.8383,2.8
3/19/16,21:34:39,37.0969,-98.025,2.9
3/15/16,23:11:33,37.1512,-98.0063,2.5
3/15/16,3:07:46,37.052,-97.9097,2.2
3/14/16,23:53:49,37.0027,-98.049,2.5
2/25/16,2:39:39,37.0471,-97.9219,2.6
2/21/16,23:52:14,37.128,-97.647,2.8
2/10/16,20:57:35,37.0461,-97.8908,3
2/5/16,0:28:28,37.0958,-98.0328,2.1
2/4/16,3:47:25,37.0925,-98.0581,2.7
1/1/16,12:25:51,37.1339,-97.6482,2.6
12/31/15,16:31:32,37.1305,-97.6559,2.8
12/31/15,14:16:43,37.0985,-97.6585,2.6
12/29/15,17:46:14,37.2774,-97.6156,2.7
12/23/15,23:03:56,37.3315,-98.8452,2.5
12/12/15,17:24:34,37.1527,-98.0083,2.2
12/7/15,0:51:45,37.0832,-97.6322,2.7
12/1/15,14:29:25,37.2539,-97.839,2.7
11/29/15,12:39:26,37.1856,-97.9546,2.8
11/28/15,18:05:58,37.2028,-97.9737,2.6
11/18/15,0:05:14,37.043,-97.9166,2.2
11/15/15,16:48:18,39.5775,-98.5718,2.6
11/15/15,14:42:07,39.5941,-98.5746,2.9
11/14/15,3:46:49,37.0148,-97.9301,2.8
11/11/15,4:16:59,37.1267,-97.6167,2.0
11/10/15,0:31:39,37.0132,-97.5522,2.6
11/9/15,23:35:17,37.1206,-97.6221,2.6
11/9/15,22:42:06,37.0936,-97.6168,3.6
11/7/15,6:59:46,37.4315,-97.9847,2.9
10/31/15,17:14:19,37.0004,-97.5872,2.9
10/31/15,15:06:53,37.0014,-97.585,2.2
10/31/15,4:17:52,37.0597,-97.7446,2.6
10/30/15,20:03:49,37.0613,-97.526,2.6
10/30/15,4:37:02,37.1512,-97.6095,3.4
10/27/15,3:06:49,37.1245,-97.6214,3.6
10/27/15,2:21:47,37.1206,-97.6078,3.3
10/19/15,11:09:04,37.0449,-97.9106,2.8
10/19/15,3:14:15,37.0582,-97.9155,2.8
10/19/15,0:08:50,37.1256,-97.5983,3.0
10/18/15,19:16:23,37.2483,-97.9995,2.8
10/17/15,13:20:00,37.0532,-97.9381,3.4
10/17/15,12:12:50,37.0352,-97.9292,3.4
10/15/15,5:10:19,37.0515,-97.939,2.8
10/15/15,5:09:56,37.0393,-97.9212,2.9
10/12/15,10:22:58,37.2006,-97.9728,3.0
10/11/15,23:46:16,37.0467,-97.903,3.0
10/10/15,1:25:49,37.2027,-98.0159,3.3
10/10/15,1:23:32,37.2205,-97.9879,3.0
10/3/15,17:33:06,37.0882,-98.0387,2.9
10/3/15,5:11:58,37.1003,-97.6961,3.4
9/28/15,1:39:50,37.062,-97.5183,2.5
9/20/15,11:17:52,37.0374,-97.9131,3.0
9/18/15,2:12:01,37.4453,-98.9217,3.4
9/14/15,21:34:51,37.054,-97.4994,2.9
9/12/15,17:45:05,37.0598,-97.526,2.5
9/12/15,13:12:31,37.2686,-97.5907,2.5
9/12/15,0:55:33,37.0438,-97.9189,3.3
9/7/15,20:13:35,37.2518,-97.5514,1.6
9/6/15,0:24:10,37.0465,-97.5224,2.5
9/5/15,4:04:21,39.2827,-99.3519,2.6
9/3/15,7:21:23,37.2538,-98.0857,2.7
9/2/15,6:04:06,37.1986,-97.9685,2.6
9/1/15,12:21:31,37.0592,-97.8517,2.4
9/1/15,11:41:00,37.0376,-97.5292,3.1
8/29/15,14:39:05,37.056,-97.4919,3.1
8/29/15,12:14:03,37.1056,-98.0008,2.6
8/27/15,23:20:05,37.0579,-97.521,2.8
8/22/15,17:35:24,37.0463,-97.8995,2.3
8/20/15,13:17:54,37.0542,-97.914,3.4
8/8/15,13:57:33,37.038,-97.8931,3.2
8/4/15,16:31:34,37.023,-97.944,2.5
7/27/15,3:43:43,37.072,-97.9973,2.9
7/22/15,17:21:46,37.0082,-97.9117,2.8
7/22/15,3:17:41,37.026,-97.9354,2.9
7/19/15,8:53:18,37.3358,-98.18,2.8
7/14/15,15:33:25,37.0349,-97.915,2.6
7/13/15,2:44:09,37.2391,-98.0407,2.7
7/12/15,1:28:22,37.0528,-97.9469,2.5
7/10/15,5:00:17,37.6119,-97.7634,2.8
7/8/15,23:10:08,37.0133,-99.224,2.7
7/8/15,23:08:24,37.0674,-99.1637,2.6
7/8/15,18:37:33,37.2477,-97.5876,2.3
7/3/15,19:59:19,37.2322,-97.9591,2.9
7/2/15,22:45:36,37.0416,-97.8505,2.6
6/30/15,14:28:12,37.1448,-98.0106,2.3
6/15/15,19:49:06,37.0357,-97.9008,3.4
6/8/15,4:28:16,37.2353,-97.9531,3.4
6/5/15,23:12:47,37.2608,-97.922,4.1
6/5/15,23:12:41,37.2171,-97.9694,3.6
6/5/15,22:53:05,37.2214,-97.9528,3.2
6/2/15,0:58:09,37.0317,-97.9035,3.0
5/30/15,21:10:24,37.053,-97.9219,3.2
5/30/15,11:21:40,37.0346,-97.9128,3.6
5/28/15,16:44:32,37.0775,-97.8496,2.5
5/24/15,21:49:47,37.1399,-97.6474,3.4
5/23/15,18:44:27,37.4277,-98.9639,4.0
5/23/15,15:11:40,37.4409,-98.9383,3.3
5/22/15,16:43:35,37.1941,-98.0286,2.3
5/21/15,6:34:38,37.2835,-98.0566,2.2
5/14/15,10:04:32,37.0294,-97.8997,3.3
5/11/15,9:59:26,37.0573,-97.852,1.7
5/10/15,2:36:25,37.1998,-98.0446,2.0
5/6/15,15:38:10,37.17,-98.0179,2.7
5/6/15,10:05:07,37.2594,-98.0378,3.2
5/6/15,9:12:18,37.2462,-98.0526,3.0
5/6/15,9:12:09,37.2703,-98.0535,2.5
5/4/15,7:35:50,37.0803,-98.0329,2.9
5/2/15,8:30:35,37.1174,-98.015,2.7
4/29/15,7:01:53,37.013,-97.9219,2.5
4/22/15,13:48:10,37.0473,-97.9228,2.8
4/21/15,2:03:55,37.0032,-97.5862,2.1
4/19/15,22:33:56,37.0596,-97.9321,2.6
4/6/15,1:33:45,37.0724,-98.0476,3.0
4/4/15,17:47:25,37.2131,-98.0505,2.6
4/1/15,7:53:48,37.0694,-97.8289,2.2
3/29/15,23:26:10,37.0516,-97.9209,2.3
3/27/15,21:14:59,37.0944,-98.0581,2.3
3/27/15,20:20:33,37.0445,-97.9137,3.1
3/27/15,12:04:40,37.1561,-98.0112,2.1
3/26/15,13:44:03,37.2507,-97.6218,2.7
3/25/15,6:23:08,37.0653,-97.8437,2.3
3/25/15,1:58:58,37.2098,-98.0474,2.3
3/24/15,15:35:55,37.0887,-97.6317,3.2
3/24/15,15:31:51,37.1067,-97.6476,3.7
3/23/15,1:45:06,37.0533,-97.8878,2.0
3/21/15,9:29:28,37.1979,-98.0038,2.5
3/19/15,1:25:50,37.0428,-97.8364,2.6
3/19/15,0:00:19,37.0873,-97.8447,2.1
3/17/15,5:50:10,37.0019,-97.8145,3.2
3/16/15,6:13:12,37.1989,-97.881,2.8
3/16/15,5:48:27,37.213,-97.878,3.5
3/13/15,21:16:36,37.0781,-97.8537,2.1
3/11/15,13:05:38,37.0714,-97.8933,2.9
3/7/15,16:19:35,37.0723,-97.8955,2.1
3/5/15,16:19:09,37.2823,-98.0098,2.6
3/5/15,13:16:36,37.2943,-98.0171,1.9
3/5/15,6:03:23,37.0861,-97.9949,2.6
3/5/15,1:46:14,37.0984,-97.7958,2.9
3/3/15,15:56:01,37.1973,-97.9054,3.8
3/3/15,5:10:22,37.2742,-98.0518,2.8
3/1/15,2:47:20,37.0905,-97.8534,3.5
2/28/15,8:44:05,37.0902,-97.8391,2.8
2/28/15,0:37:56,37.0858,-97.8721,2.5
2/24/15,0:27:27,37.0809,-97.8549,2.0
2/22/15,5:55:00,37.2507,-98.0108,2.5
2/19/15,10:51:13,37.0538,-97.9427,2.3
2/18/15,22:23:45,37.1552,-97.8996,2.9
2/16/15,1:44:34,37.0293,-97.9188,2.0
2/15/15,18:27:08,37.1809,-97.9053,3.6
2/15/15,17:38:55,37.1856,-97.8789,2.9
2/14/15,18:09:22,37.0187,-97.9083,3.0
2/12/15,14:48:13,37.1836,-98.0511,2.7
2/10/15,7:32:35,37.2162,-98.0013,3.6
2/9/15,3:14:18,37.0599,-97.8548,2.4
2/5/15,10:32:06,37.077,-97.8485,2.9
2/4/15,13:20:31,37.1956,-97.8983,3.4
2/3/15,22:19:14,37.1022,-97.6653,3.4
2/1/15,0:00:09,37.0131,-98.1565,2.5
1/29/15,20:21:38,37.1848,-97.8359,3.4
1/29/15,5:58:18,37.0958,-97.6554,3.1
1/29/15,3:33:26,37.0925,-97.6367,3.1
1/28/15,17:42:02,37.203,-97.8937,3.0
1/27/15,9:28:29,37.0758,-97.6663,2.9
1/27/15,7:38:05,37.073,-97.6559,3.4
1/27/15,5:28:53,37.0821,-97.6646,3.1
1/25/15,1:35:09,37.1071,-97.7327,2.7
1/23/15,6:31:12,37.0957,-97.6434,2.1
1/23/15,4:00:41,37.0787,-97.6497,3.7
1/20/15,4:10:49,37.4568,-97.9617,2.6
1/19/15,9:54:31,37.1885,-97.8849,3.5
1/15/15,16:04:46,37.0502,-97.8994,2.9
1/15/15,16:01:48,37.2045,-97.5921,2.7
1/11/15,0:05:08,37.2031,-97.8874,2.9
1/10/15,16:36:26,37.1739,-97.9139,3.2
1/8/15,21:50:44,37.2002,-98.0229,2.2
1/8/15,19:23:38,37.263,-98.0338,2.3
1/8/15,11:47:35,37.1088,-98.0099,2.2
1/5/15,21:54:35,37.2586,-97.9503,2.9
1/4/15,23:57:18,37.2492,-98.0428,2.6
1/4/15,10:55:40,37.2385,-98.0076,3.5
10/8/15,21:15:23,37.061667,-98.051333,1.97
10/8/15,1:32:15,37.1585,-97.822667,2.39
10/7/15,10:01:37,37.062,-97.520167,1.8
10/7/15,0:39:53,37.331333,-97.505667,2.04
10/6/15,13:18:16,37.092167,-98.035167,2.18
10/4/15,19:22:25,37.323667,-97.513167,1.89
10/4/15,11:35:16,37.2255,-97.873833,2.46
10/4/15,7:41:33,37.322667,-97.5135,1.71
10/4/15,3:28:30,37.324,-97.513167,2.25
10/3/15,17:33:06,37.0882,-98.0387,2.9
10/3/15,9:46:07,37.059833,-97.523167,2.32
10/3/15,7:34:48,37.236833,-98.040667,1.88
10/3/15,5:11:58,37.1003,-97.6961,3.3
10/2/15,23:43:38,37.2315,-98.021333,1.77
10/2/15,17:14:29,37.204667,-97.974833,1.92
10/1/15,6:08:47,37.062167,-97.519333,2
10/1/15,3:45:46,37.063333,-97.520833,1.95
9/30/15,9:05:23,37.248,-97.555667,2.62
9/30/15,7:10:44,37.108333,-97.993667,1.98
9/29/15,3:29:24,37.001333,-97.995,1.86
9/28/15,10:48:52,37.058167,-97.5295,1.9
9/28/15,10:39:00,37.058833,-97.527333,1.82
9/28/15,1:39:50,37.062,-97.5183,2.5
9/28/15,1:39:50,37.062,-97.518333,2.49
9/25/15,1:16:13,37.099833,-97.701333,1.96
9/25/15,0:38:37,37.235,-97.965667,1.88
9/25/15,0:20:17,37.100333,-97.7005,2.07
9/22/15,16:19:02,37.158,-97.8235,2.36
9/22/15,16:18:54,37.158,-97.825167,1.68
9/22/15,7:55:33,37.061833,-97.520333,1.79
9/22/15,4:53:21,37.225667,-97.871333,2.43
9/21/15,11:27:12,37.225167,-97.8715,1.9
9/20/15,12:47:38,37.002833,-97.590333,2.09
9/20/15,11:17:52,37.0374,-97.9131,2.9
9/20/15,5:17:12,37.093,-97.601333,1.79
9/20/15,4:46:07,37.204,-97.975167,2.27
9/19/15,22:35:06,37.203333,-97.974333,1.96
9/19/15,17:13:34,37.002333,-97.5885,2.35
9/19/15,16:22:39,37.125,-97.557333,1.9
9/18/15,2:12:01,37.4453,-98.9217,3.7
9/17/15,8:00:52,37.225833,-97.871167,2.33
9/16/15,10:07:58,37.243,-98.038667,2.3
9/15/15,20:47:15,37.054667,-97.919,2.02
9/15/15,17:24:52,37.060167,-97.526333,2.31
9/15/15,13:35:20,37.062167,-97.526,1.79
9/15/15,5:29:21,37.059667,-97.528,1.86
9/14/15,21:34:51,37.054,-97.4994,2.7
9/14/15,13:02:37,37.06,-97.528667,2.22
9/14/15,3:25:47,37.233167,-98.012833,2.31
9/14/15,0:43:20,37.0585,-97.935333,1.99
9/13/15,23:16:34,37.057667,-97.934333,2.17
9/13/15,21:56:24,37.058667,-97.9355,2.04
9/13/15,19:45:23,37.0585,-97.932333,2.03
9/13/15,19:01:17,37.057667,-97.935167,1.82
9/13/15,18:39:11,37.057,-97.929833,1.75
9/13/15,8:36:53,37.060167,-97.527167,1.85
9/13/15,4:15:55,37.06,-97.527,2.52
9/12/15,21:08:28,37.058,-97.934833,1.91
9/12/15,17:45:05,37.059833,-97.526,2.54
9/12/15,17:45:05,37.0598,-97.526,2.5
9/12/15,17:40:38,37.061,-97.525333,2.4
9/12/15,15:26:04,37.0585,-97.934833,2.14
9/12/15,13:12:31,37.2686,-97.5907,2.3
9/12/15,4:42:07,37.058667,-97.935,1.75
9/12/15,0:55:33,37.0438,-97.9189,3.1
9/11/15,16:39:17,37.027667,-97.844333,2.5
9/11/15,14:59:13,37.051333,-97.922833,1.85
9/10/15,22:08:07,37.247833,-97.590333,1.75
9/10/15,17:24:49,37.087,-98.054333,1.85
9/9/15,7:47:24,37.300167,-97.613333,1.96
9/9/15,6:16:21,37.055,-97.9125,1.82
9/8/15,0:33:29,37.234,-98.010667,2.29
9/7/15,20:13:35,37.2518,-97.5514,1.9
9/7/15,9:02:38,37.258833,-98.0655,2.1
9/7/15,1:30:14,37.244167,-97.558167,2.42
9/6/15,17:58:25,37.299,-97.615167,1.9
9/6/15,14:44:58,37.232167,-97.974833,2.02
9/6/15,0:24:10,37.0465,-97.5224,2.5
9/5/15,23:52:53,37.0615,-97.523667,1.85
9/5/15,6:26:16,37.068,-97.837667,1.84
9/5/15,4:04:21,39.2827,-99.3519,2.6
9/4/15,10:57:41,37.177333,-97.795167,2.2
9/4/15,9:00:02,37.176833,-97.7965,2.62
9/4/15,5:58:29,37.0475,-97.923167,2.1
9/3/15,7:21:23,37.2538,-98.0857,2.7
9/3/15,6:25:11,37.23,-98.009667,1.89
9/2/15,6:04:06,37.1986,-97.9685,2.5
9/1/15,12:59:59,37.088333,-98.060833,2.15
9/1/15,12:40:04,37.062,-97.522833,1.72
9/1/15,12:39:44,37.247,-97.559333,1.7
9/1/15,12:21:31,37.0592,-97.8517,2.2
9/1/15,11:49:01,37.060833,-97.523667,1.95
9/1/15,11:41:00,37.0376,-97.5292,3.1
9/1/15,4:29:17,37.0605,-97.523,2.23
9/1/15,1:36:47,37.059333,-97.526167,1.87
8/30/15,21:29:57,37.119,-97.820667,1.96
8/30/15,21:28:22,37.0605,-97.525333,2.09
8/30/15,21:12:37,37.061333,-97.523167,2.71
8/30/15,6:38:45,37.060167,-97.525333,2.01
8/30/15,6:03:21,37.063833,-97.520333,2.47
8/30/15,4:47:59,37.058833,-97.5255,1.83
8/30/15,1:19:14,37.059833,-97.526667,1.94
8/29/15,21:10:47,37.002,-98.046667,2
8/29/15,19:46:44,37.060333,-97.525167,2.3
8/29/15,19:36:24,37.061167,-97.521167,1.95
8/29/15,15:54:19,37.054667,-97.665833,1.99
8/29/15,14:39:05,37.056,-97.4919,3.1
8/29/15,14:14:03,37.210167,-97.9855,2.22
8/29/15,12:14:03,37.1056,-98.0008,2.6
8/29/15,8:53:33,37.062167,-97.522167,2.15
8/27/15,23:30:35,37.060833,-97.525833,1.96
8/27/15,23:20:05,37.0579,-97.521,3
8/27/15,16:02:55,37.060833,-97.523833,1.85
8/27/15,14:41:52,37.218167,-97.9735,1.97
8/27/15,6:49:47,37.063167,-97.523,1.85
8/27/15,6:18:39,37.060167,-97.5245,2.32
8/27/15,5:21:09,37.060667,-97.522833,2.16
8/25/15,21:50:50,37.158,-97.822,2.03
8/25/15,13:35:00,37.057833,-97.861833,1.87
8/23/15,17:12:52,37.054,-97.910667,1.97
8/23/15,12:57:01,37.227833,-98.017333,2.25
8/22/15,21:04:25,37.055667,-97.8635,1.82
8/22/15,17:35:24,37.0463,-97.8995,2.2
8/22/15,9:10:01,37.0595,-97.526833,1.94
8/22/15,5:07:56,37.092,-98.008333,2.05
8/22/15,4:04:16,37.053667,-97.916167,2.29
8/21/15,5:57:22,37.172333,-97.792333,1.84
8/20/15,13:34:37,37.052,-97.914,2.21
8/20/15,13:17:54,37.0542,-97.914,3.4
8/18/15,15:21:39,37.097667,-97.862167,1.97
8/18/15,7:33:11,37.253333,-98.066667,1.8
8/16/15,9:50:45,37.315833,-97.4835,2.15
8/14/15,21:55:24,37.009,-97.560333,2.25
8/12/15,23:56:31,37.157167,-97.825667,1.8
8/12/15,22:33:01,37.003,-97.596,1.95
8/12/15,21:28:59,37.0055,-97.591833,2.02
8/12/15,21:07:25,37.160333,-97.8235,1.95
8/12/15,18:29:55,37.158667,-97.824833,1.82
8/12/15,16:26:23,37.222833,-98.010667,1.83
8/12/15,15:37:02,37.222,-98.011,1.94
8/12/15,8:30:20,37.055167,-97.944833,1.91
8/12/15,8:16:47,37.0615,-97.526167,1.58
8/12/15,7:25:09,37.0035,-97.587833,2.09
8/9/15,22:23:26,37.052667,-97.914167,1.92
8/9/15,18:12:41,37.044667,-97.898,1.92
8/8/15,13:57:33,37.038,-97.8931,3.1
8/7/15,20:21:33,37.01,-97.559,2.24
8/7/15,16:35:32,37.009333,-97.56,1.94
8/7/15,15:49:25,37.055333,-97.862167,2.14
8/7/15,8:14:05,37.057,-97.8605,1.9
8/6/15,9:42:48,37.157667,-97.8245,1.86
8/5/15,3:46:11,37.083,-97.7305,2.1
8/5/15,3:13:56,37.102833,-97.640667,1.97
8/4/15,16:31:34,37.023,-97.944,2.9
8/4/15,16:31:34,37.023667,-97.946,2.47
7/31/15,5:27:37,37.097667,-97.629833,1.88
7/30/15,18:41:49,37.098167,-97.861667,1.99
7/30/15,12:19:43,37.097167,-97.859833,1.72
7/29/15,13:38:51,37.089833,-98.009333,2.54
7/29/15,13:36:20,37.086833,-98.004833,2.06
7/29/15,6:30:15,37.1875,-97.995,2.35
7/28/15,17:25:55,37.157667,-97.826333,2.02
7/28/15,1:53:18,37.1585,-97.825167,2.6
7/28/15,1:53:08,37.158,-97.825833,2.04
7/27/15,5:12:25,37.158167,-97.824333,1.75
7/27/15,3:43:43,37.072,-97.9973,2.8
7/26/15,20:59:10,37.098167,-97.861167,1.74
7/26/15,16:40:45,37.157333,-97.824833,1.5
7/26/15,16:40:12,37.157333,-97.825167,1.85
7/26/15,15:30:39,37.236167,-97.963833,2.16
7/26/15,7:44:31,37.1885,-97.987833,2.1
7/26/15,2:19:06,37.093167,-98.0365,1.91
7/22/15,17:21:46,37.0082,-97.9117,2.7
7/22/15,3:17:41,37.026,-97.9354,2.8
7/19/15,8:53:18,37.3358,-98.18,2.8
7/14/15,15:33:25,37.0349,-97.915,2.6
7/13/15,2:44:09,37.2391,-98.0407,2.7
7/12/15,1:28:22,37.0528,-97.9469,2.5
7/10/15,5:00:17,37.6119,-97.7634,2.8
7/8/15,23:10:08,37.0133,-99.224,2.7
7/8/15,23:08:24,37.0674,-99.1637,2.6
7/8/15,18:37:33,37.2477,-97.5876,2.3
7/3/15,19:59:19,37.2322,-97.9591,2.9
7/2/15,22:45:36,37.0416,-97.8505,2.6
6/30/15,14:28:12,37.1448,-98.0106,2.3
6/15/15,19:49:06,37.0357,-97.9008,3.4
6/8/15,4:28:16,37.2353,-97.9531,3.4
6/5/15,23:12:47,37.2608,-97.922,4.1
6/5/15,23:12:41,37.2171,-97.9694,3.6
6/5/15,22:53:05,37.2214,-97.9528,3.2
6/2/15,0:58:09,37.0317,-97.9035,3
5/30/15,21:10:24,37.053,-97.9219,3.1
5/30/15,11:21:40,37.0346,-97.9128,3.8
5/28/15,16:44:32,37.0775,-97.8496,2.5
5/24/15,21:49:47,37.1399,-97.6474,3.4
5/23/15,18:44:27,37.4277,-98.9639,4
5/23/15,15:11:40,37.4409,-98.9383,3.3
5/22/15,16:43:35,37.1941,-98.0286,2.3
5/21/15,6:34:38,37.2835,-98.0566,2.2
5/14/15,10:04:32,37.0294,-97.8997,3.3
5/11/15,9:59:26,37.0573,-97.852,1.7
5/10/15,2:36:25,37.1998,-98.0446,2
5/6/15,15:38:10,37.17,-98.0179,2.7
5/6/15,10:05:07,37.2594,-98.0378,3.2
5/6/15,9:12:18,37.2462,-98.0526,3
5/6/15,9:12:09,37.2703,-98.0535,2.9
5/4/15,7:35:50,37.0803,-98.0329,2.9
5/2/15,8:30:35,37.1174,-98.015,2.7
4/29/15,7:01:53,37.013,-97.9219,2.6
4/22/15,13:48:10,37.0473,-97.9228,2.8
4/21/15,2:03:55,37.0032,-97.5862,2.2
4/19/15,22:33:56,37.0596,-97.9321,2.6
4/6/15,1:33:45,37.0724,-98.0476,3
4/4/15,17:47:25,37.2131,-98.0505,2.5
4/1/15,7:53:48,37.0694,-97.8289,2.2
3/29/15,23:26:10,37.0516,-97.9209,2.3
3/27/15,21:14:59,37.0944,-98.0581,2.3
3/27/15,20:20:33,37.0445,-97.9137,3.1
3/27/15,12:04:40,37.1561,-98.0112,2.1
3/26/15,13:44:03,37.2507,-97.6218,2.8
3/25/15,6:23:08,37.0653,-97.8437,2.1
3/25/15,1:58:58,37.2098,-98.0474,2.1
3/24/15,15:35:55,37.0887,-97.6317,3.2
3/24/15,15:31:51,37.1067,-97.6476,3.8
3/23/15,1:45:06,37.0533,-97.8878,2
3/21/15,9:29:28,37.1979,-98.0038,2.4
3/19/15,1:25:50,37.0428,-97.8364,2.6
3/19/15,0:00:19,37.0873,-97.8447,2.1
3/17/15,5:50:10,37.0019,-97.8145,3.2
3/16/15,6:13:12,37.1989,-97.881,2.9
3/16/15,5:48:27,37.213,-97.878,3.5
3/13/15,21:16:36,37.0781,-97.8537,2
3/11/15,13:05:38,37.0714,-97.8933,2.9
3/7/15,16:19:35,37.0723,-97.8955,2.1
3/5/15,16:19:09,37.2823,-98.0098,2.6
3/5/15,13:16:36,37.2943,-98.0171,2
3/5/15,6:03:23,37.0861,-97.9949,2.6
3/5/15,1:46:14,37.0984,-97.7958,2.9
3/3/15,15:56:01,37.1973,-97.9054,3.8
3/3/15,5:10:22,37.2742,-98.0518,2.8
3/1/15,2:47:20,37.0905,-97.8534,3.5
2/28/15,8:44:05,37.0902,-97.8391,2.9
2/28/15,0:37:56,37.0858,-97.8721,2.5
2/24/15,0:27:27,37.0809,-97.8549,2
2/22/15,5:55:00,37.2507,-98.0108,2.5
2/19/15,10:51:13,37.0538,-97.9427,2.3
2/18/15,22:23:45,37.1552,-97.8996,2.9
2/16/15,1:44:34,37.0293,-97.9188,2
2/15/15,18:27:08,37.1809,-97.9053,3.8
2/15/15,17:38:55,37.1856,-97.8789,2.9
2/14/15,18:09:22,37.0187,-97.9083,3
2/12/15,14:48:13,37.1836,-98.0511,2.7
2/10/15,7:32:35,37.2162,-98.0013,3.6
2/9/15,3:14:18,37.0599,-97.8548,2.4
2/5/15,10:32:06,37.077,-97.8485,2.9
2/4/15,13:20:31,37.1956,-97.8983,3.6
2/3/15,22:19:14,37.1022,-97.6653,3.3
2/1/15,0:00:09,37.0131,-98.1565,2.5
1/29/15,20:21:38,37.1848,-97.8359,3.6
1/29/15,5:58:18,37.0958,-97.6554,3.1
1/29/15,3:33:26,37.0925,-97.6367,3.1
1/28/15,17:42:02,37.203,-97.8937,3
1/27/15,9:28:29,37.0758,-97.6663,2.8
1/27/15,7:38:05,37.073,-97.6559,3.4
1/27/15,5:28:53,37.0821,-97.6646,3.1
1/25/15,1:35:09,37.1071,-97.7327,2.7
1/23/15,6:31:12,37.0957,-97.6434,2.1
1/23/15,4:00:41,37.0787,-97.6497,3.7
1/20/15,4:10:49,37.4568,-97.9617,2.6
1/19/15,9:54:31,37.1885,-97.8849,3.9
1/15/15,16:04:46,37.0483,-97.8916,2.9
1/15/15,16:01:48,37.202,-97.5932,2.7
1/11/15,0:05:09,37.2031,-97.8874,2.9
1/10/15,16:36:26,37.1739,-97.9139,3.2
1/8/15,21:50:45,37.2002,-98.0229,2.2
1/8/15,19:23:39,37.263,-98.0338,2.3
1/8/15,11:47:35,37.1135,-98.0096,2.2
1/5/15,21:54:35,37.2586,-97.9503,2.9
1/4/15,23:57:19,37.2492,-98.0428,2.5
1/4/15,10:55:40,37.2385,-98.0076,3.5
12/28/14,16:40:47,37.2379,-97.5972,2.9
12/26/14,1:12:09,37.1122,-97.9882,2.8
12/22/14,7:45:08,37.2404,-97.9059,3.5
12/22/14,1:03:55,37.2061,-98.0114,2.2
12/20/14,17:27:06,37.2698,-97.6342,2.8
12/19/14,13:36:58,37.1633,-98.0457,2.4
12/9/14,14:39:09,37.0878,-97.6345,2.7
12/7/14,7:24:58,37.2688,-97.6214,2.5
12/4/14,9:47:44,37.2022,-97.9852,3.2
12/2/14,12:40:14,37.2621,-97.6335,3
11/27/14,3:25:07,37.0689,-97.8995,2.5
11/26/14,10:08:54,37.2176,-98.056,2.5
11/23/14,15:32:42,37.2712,-97.607,2.7
11/23/14,1:26:22,37.2185,-98.0651,2.1
11/21/14,4:39:44,37.2518,-98.0126,2.5
11/20/14,20:36:10,37.243,-98.0358,2.9
11/20/14,15:13:39,37.2057,-98.031,2.5
11/19/14,23:40:09,37.1989,-98.0216,2.1
11/19/14,8:18:56,37.221,-97.8844,2.7
11/19/14,2:07:46,37.274,-97.6234,2.6
11/19/14,1:55:34,37.2725,-97.6583,2.5
11/18/14,11:48:07,37.0166,-97.894,2.4
11/18/14,4:21:08,37.2853,-97.6267,2.5
11/17/14,2:21:02,37.1918,-98.0232,3.1
11/16/14,20:43:21,37.2442,-97.6321,2.8
11/16/14,14:28:19,37.038,-97.8874,2.3
11/16/14,8:59:12,37.1709,-98.0337,3.2
11/15/14,10:18:13,37.2293,-98.0328,3.8
11/13/14,3:33:58,38.0765,-94.7581,2.8
11/12/14,21:40:01,37.2713,-97.6206,4.9
11/12/14,1:32:54,37.1937,-98.0347,2.6
11/6/14,7:39:56,37.2166,-98.0565,2.4
11/6/14,6:19:36,37.0473,-97.9208,2.5
11/6/14,4:24:43,37.186,-98.0157,2.5
11/6/14,2:45:44,37.2057,-98.0412,2.6
11/6/14,1:35:03,37.2082,-98.039,3.2
11/6/14,0:22:07,37.2192,-98.0497,2.6
11/6/14,0:21:34,37.208,-98.0381,2.3
11/5/14,10:07:27,37.1979,-98.0516,3.2
11/5/14,9:32:32,37.1974,-98.032,2.8
11/5/14,6:21:58,37.2149,-98.0323,2.2
11/3/14,10:50:52,38.4622,-97.7028,2.6
11/1/14,23:59:22,37.1556,-98.017,2.5
10/30/14,3:09:23,37.0836,-97.8439,2.7
10/28/14,11:10:35,37.0521,-97.9188,2.6
10/24/14,9:24:18,37.0426,-97.9161,2.7
10/23/14,2:47:01,37.0207,-97.9123,2.7
10/22/14,23:48:08,37.0294,-97.8876,3.3
10/22/14,4:09:17,37.0434,-97.9367,2.4
10/21/14,11:55:44,37.0377,-97.8947,3
10/21/14,3:46:30,37.0391,-97.9262,1.9
10/20/14,23:30:47,37.0558,-97.9126,2.6
10/20/14,21:33:16,37.0537,-97.9134,2.6
10/20/14,14:25:03,37.0422,-97.9304,3.1
10/16/14,6:36:36,37.0496,-97.9085,2.5
10/12/14,16:03:26,37.2385,-97.9767,3.2
10/11/14,13:50:46,37.0727,-97.9328,2.9
10/10/14,4:58:51,37.009,-97.976,3.2
10/9/14,15:41:42,37.2352,-97.9637,2.8
10/6/14,12:30:53,37.2375,-97.9727,2.7
10/3/14,10:23:19,37.2358,-97.9652,2.7
10/2/14,22:50:49,37.2431,-97.9651,3.1
10/2/14,18:35:43,37.2397,-97.9766,3.4
10/2/14,18:03:43,37.2324,-97.9748,3.1
10/2/14,18:03:10,37.227,-97.9502,2.9
10/2/14,18:02:55,37.2332,-97.9668,3.5
10/2/14,18:01:24,37.2447,-97.9553,4.3
10/1/14,8:05:07,37.2795,-97.8945,2.7
10/1/14,6:11:05,37.2592,-97.9429,3.3
10/1/14,0:33:29,37.3919,-95.3825,3
9/30/14,18:49:54,37.2396,-97.9427,2.9
9/30/14,17:47:23,37.2413,-97.9213,2.6
9/30/14,16:47:58,37.2469,-97.984,3.1
9/30/14,15:24:31,37.2491,-97.9718,3.1
9/30/14,14:55:05,37.2212,-97.9626,3.8
9/30/14,12:30:26,37.2481,-97.9352,3.3
9/30/14,11:18:35,37.1695,-98.0542,2.9
9/27/14,20:46:46,37.2747,-98.0049,2.3
9/26/14,2:14:24,37.1246,-98.034,2
9/26/14,1:34:42,37.1362,-98.0148,2.4
9/25/14,21:04:55,37.158,-98.0086,2.6
9/25/14,15:43:24,37.1216,-98.0142,2.4
9/25/14,6:46:25,37.1333,-98.0125,2.7
9/17/14,15:11:20,37.1261,-98.0215,2.2
9/17/14,14:42:32,37.1133,-97.9936,2.2
9/8/14,15:23:31,37.305,-97.6059,3.2
9/8/14,12:56:53,37.2625,-97.6346,3.4
8/27/14,15:11:25,37.0577,-97.8456,2.7
8/25/14,0:10:05,37.3657,-98.1573,3
8/20/14,16:33:59,37.2456,-97.9612,3.1
8/10/14,21:23:12,37.199,-97.9828,2.2
8/4/14,12:50:27,37.2357,-97.9807,2.5
7/28/14,1:14:49,37.0309,-97.9081,2.1
7/26/14,10:57:11,37.1081,-97.7961,3.4
7/25/14,7:17:25,37.0231,-97.8252,2.4
7/20/14,12:24:58,37.3394,-98.0905,3.3
7/20/14,0:24:58,37.2344,-97.9489,3
7/17/14,10:40:43,37.1223,-97.7918,3.6
7/12/14,14:38:56,37.1451,-97.5295,2.7
7/10/14,2:04:57,37.2675,-97.6271,2.5
7/9/14,2:10:04,37.1046,-97.7864,3
6/26/14,1:45:12,37.2396,-97.9912,2.6
6/1/14,0:38:37,37.1072,-97.658,2.7
5/30/14,22:00:50,37.0856,-97.6682,2.8
5/22/14,6:30:19,37.0731,-97.8853,2.5
5/22/14,5:54:37,37.08,-97.8832,2.5
5/21/14,17:58:44,37.1283,-97.6426,2.8
4/29/14,13:59:12,37.2098,-97.9146,2.7
4/27/14,22:46:02,37.2072,-97.903,2.6
3/28/14,11:23:27,37.345,-98.0654,2.8
3/23/14,6:18:37,37.2106,-97.8982,2.7
3/22/14,10:24:26,37.0752,-97.8436,3
3/22/14,10:21:57,37.0813,-97.8456,2.8
3/21/14,17:30:17,37.0895,-97.8455,3
3/16/14,8:46:20,37.1918,-97.8992,3.7
3/15/14,10:09:41,37.2194,-97.8773,2.7
3/13/14,0:16:54,37.2231,-97.8679,2.7
3/12/14,19:35:26,37.1783,-97.8728,3.2
3/12/14,18:00:05,37.1945,-97.8674,2.9
3/12/14,12:57:54,37.2051,-97.8908,2.6
3/12/14,9:50:25,37.1966,-97.8858,3.3
3/12/14,8:28:48,37.2108,-97.9049,2.8
2/15/14,23:20:46,37.2918,-97.6446,3.1
2/4/14,14:08:17,37.1428,-97.7874,3.3
2/3/14,9:03:22,37.132,-97.7684,3.6
2/3/14,8:43:31,37.133,-97.8334,2.9
12/16/13,15:09:54,37.1297,-97.7758,3.8
9/17/13,2:47:19,37.0286,-97.9664,2.4
9/14/13,18:52:54,37.0533,-97.934,2.9
1/9/13,18:50:09,39.7456,-97.9503,3.3
9/10/10,8:37:17,39.868,-99.977,2.6
1/1/08,8:44:17,37.027,-97.326,2.7
3/23/07,8:15:50,39.464,-95.341,3.1
4/17/03,17:31:59,39.255,-99.482,3
4/1/03,13:09:50,39.244,-99.487,2.8
12/11/02,14:25:24,39.36,-99.403,2.8
11/1/02,14:19:56,39.077,-99.101,2.8
11/1/02,11:08:56,39.119,-99.089,3
4/14/02,3:35:02,39.939,-100.32,2.8
11/13/01,1:56:13,39.996,-100.208,3.3
7/24/01,14:02:35,37.7,-97,3
2/4/00,1:36:27,39.092,-99.417,2.8
5/13/99,14:18:23,39.1,-94.7,3
1/7/99,5:16:27,38.674,-99.378,3
12/11/97,11:34:57,37.101,-98.48,2.7
7/25/96,22:29:16,37.3,-98.5,2.2
7/15/92,2:56:41,38.76,-99.549,3.3
4/2/92,9:41:24,39.1,-99.5,2.7
5/30/91,22:07:44,39.2,-99.4,3.5
8/1/89,18:33:05,38.308,-96.09066667,2
7/31/89,18:37:31,39.37983333,-99.49666667,2.3
7/18/89,23:08:44,39.19,-99.49666667,2
7/14/89,7:11:49,39.21833333,-99.5295,1.5
7/14/89,7:10:22,39.211,-99.52116667,1.5
7/13/89,18:35:22,39.19,-99.49666667,3
7/11/89,13:46:39,39.19,-99.49666667,0.5
7/11/89,11:56:42,39.19,-99.49666667,1.3
7/11/89,11:42:11,39.19,-99.49666667,0.9
7/10/89,9:50:30,39.19,-99.49666667,1.8
7/9/89,14:45:23,39.19,-99.49666667,0.9
7/9/89,8:08:26,39.18733333,-99.49816667,0.5
7/9/89,6:38:42,39.19,-99.51183333,0.5
7/9/89,6:36:03,39.19,-99.51483333,0.9
7/9/89,3:31:39,39.23483333,-99.51166667,1
7/9/89,3:23:13,39.19,-99.516,1
7/6/89,1:12:31,39.19,-99.49666667,2.8
7/4/89,15:11:26,39.19,-99.49666667,1.5
7/4/89,14:44:42,39.19,-99.49666667,2
6/27/89,12:19:00,39.30483333,-99.49666667,1.7
6/27/89,2:20:00,39.28316667,-99.51333333,0.9
6/17/89,0:13:57,39.266,-99.789,2.6
6/16/89,14:53:54,39.19,-99.43183333,2.7
6/8/89,18:18:43,39.15166667,-99.49666667,4
6/8/89,18:05:47,39.062,-99.49666667,1.7
6/8/89,17:57:56,39.23283333,-99.49666667,2.3
6/8/89,17:49:36,39.19,-99.42666667,2.4
6/8/89,17:26:59,39.19,-99.4175,2.1
6/8/89,11:04:01,39.19,-99.49666667,2
6/6/89,7:27:06,39.19,-99.49666667,2
6/6/89,6:34:21,39.19,-99.49666667,2.4
6/6/89,6:31:05,39.19,-99.69383333,2.4
5/31/89,16:40:09,39.14266667,-95.95233333,2.1
5/30/89,19:20:47,39.5615,-96.43366667,2
5/6/89,23:30:32,38.90333333,-95.647,2
1/27/89,0:56:49,39.22516667,-99.52566667,2.7
1/27/89,0:00:14,39.10983333,-99.52566667,2.5
1/21/89,23:11:14,39.014,-99.23933333,2.4
10/29/88,10:09:02,39.58066667,-97.02733333,1.69
9/25/88,14:12:15,39.23316667,-96.46133333,1.82
9/15/88,6:24:01,39.11066667,-99.18666667,2.51
9/10/88,10:41:03,39.19,-98.96216667,2.1
7/14/88,17:11:17,39.32333333,-98.90083333,1.8
6/18/88,15:34:45,39.15883333,-99.113,2.8
6/18/88,9:41:32,39.12266667,-99.1025,1.61
6/18/88,2:46:39,39.113,-99.11483333,1.98
5/9/88,9:07:37,39.291,-99.0465,1.9
5/5/88,2:13:27,39.90283333,-96.29866667,1.51
4/28/88,17:03:04,39.65616667,-95.036,1.81
4/24/88,15:50:57,39.18016667,-99.186,2.23
4/18/88,5:16:45,39.044,-99.136,1.82
4/14/88,9:39:31,39.12816667,-99.13033333,3.6
4/13/88,20:07:11,39.08216667,-99.25683333,2.17
4/13/88,19:00:59,39.1095,-99.24883333,1.95
4/2/88,17:43:12,38.971,-95.69783333,1.92
3/29/88,12:33:35,39.07116667,-99.1,2.01
3/29/88,10:15:02,39.12383333,-99.24583333,1.67
3/17/88,9:40:20,38.88883333,-97.14033333,1.31
2/28/88,1:13:57,39.048,-95.8985,1.32
12/26/87,16:59:45,39.1705,-96.245,1.72
10/30/87,5:02:32,39.19766667,-96.359,1.54
8/16/87,9:10:05,39.14916667,-96.42533333,2.17
7/4/87,23:05:13,39.29016667,-99.02866667,2.02
7/1/87,10:42:32,39.638,-95.003,1.57
6/10/87,18:58:55,39.70583333,-97.92433333,1.58
3/23/87,3:43:03,39.32233333,-98.875,1.77
2/19/87,14:26:44,39.5365,-96.39233333,1.42
2/13/87,2:33:45,37.94966667,-96.79166667,1.55
1/9/87,18:52:04,39.78033333,-97.57233333,2.03
12/31/86,21:57:05,37.01616667,-98.01666667,2.02
12/9/86,11:11:46,39.1465,-99.0255,2.13
11/25/86,6:39:27,39.10883333,-99.14333333,2.28
11/9/86,9:05:07,39.44066667,-96.09216667,0.96
11/5/86,5:41:48,38.66266667,-96.54983333,1.41
10/20/86,4:32:50,37.931,-101.3635,3
10/11/86,8:17:35,39.1485,-99.19133333,1.87
10/9/86,15:41:29,39.18266667,-99.03316667,1.9
10/8/86,11:10:32,39.19233333,-99.11366667,1.9
9/27/86,9:34:02,39.9215,-99.91066667,2.22
9/1/86,2:24:03,39.29733333,-96.1815,1.57
7/28/86,22:15:07,39.26483333,-95.91366667,1.43
6/4/86,22:37:22,37.58866667,-96.58566667,2.06
6/2/86,4:04:06,39.38083333,-99.70083333,3
3/13/86,20:21:36,38.43983333,-95.00783333,2.07
11/22/85,3:42:33,39.27566667,-98.7415,2.1
11/1/85,8:08:45,39.3375,-96.20133333,1.53
10/21/85,19:31:05,39.67383333,-99.56566667,2.45
8/9/85,18:10:33,39.08133333,-99.216,2.48
8/6/85,21:08:12,39.05216667,-99.1815,2.33
8/6/85,8:27:35,39.14766667,-99.0645,2.19
8/6/85,3:31:49,39.0815,-99.14066667,2.27
7/29/85,22:53:23,39.38833333,-99.06466667,1.88
7/10/85,4:05:07,38.97233333,-95.85416667,1.28
6/20/85,17:08:38,39.16516667,-96.7575,0.8
6/1/85,12:42:54,39.1385,-99.18483333,2.26
6/1/85,10:21:09,39.1015,-99.206,1.7
6/1/85,4:20:03,39.14316667,-99.159,2.12
4/26/85,8:49:15,39.5815,-96.94,1.18
4/25/85,7:10:18,39.33416667,-96.36066667,1.04
4/5/85,5:08:37,39.577,-97.62183333,1.67
3/2/85,12:05:31,39.5815,-96.923,1.8
12/4/84,17:18:58,39.86766667,-99.97583333,2.3
10/23/84,10:32:19,38.146,-95.93066667,1.7
8/12/84,6:00:50,38.70033333,-96.7815,1.89
2/3/84,21:41:56,39.52833333,-96.31333333,1.44
1/13/84,21:37:59,39.374,-96.23666667,1.73
12/25/83,14:45:30,39.067,-98.67883333,1.93
9/7/83,18:56:35,38.58766667,-98.47666667,2.02
8/24/83,9:02:15,39.14433333,-96.3105,1.48
7/12/83,20:30:41,39.247,-96.30883333,0.83
5/21/83,21:51:02,38.79116667,-98.282,1.7
3/3/83,8:21:36,38.60866667,-95.05133333,1.47
2/9/83,16:10:24,38.60566667,-97.72466667,1.68
10/26/82,0:44:08,39.5045,-96.52533333,1.8
9/6/82,14:45:59,39.34616667,-96.30066667,1.6
9/3/82,10:55:21,38.7905,-98.8925,2.5
7/22/82,3:30:56,37.15483333,-98.534,2.29
7/21/82,21:41:36,38.09883333,-96.15,2.58
6/7/82,17:26:26,37.929,-96.97383333,1.5
4/24/82,16:35:37,39.29366667,-96.18383333,1
4/6/82,0:13:00,39.50966667,-97.71466667,1.4
3/28/82,8:09:37,38.96116667,-95.874,1.2
3/27/82,19:57:24,38.88866667,-95.97733333,1.6
3/11/82,18:19:57,39.25683333,-99.3565,1.9
2/24/82,20:35:25,37.7755,-97.1455,2.2
1/30/82,10:08:59,37.92916667,-96.79666667,1.4
11/27/81,1:08:26,37.0475,-98.84866667,2.2
8/1/81,1:58:44,38.34233333,-97.93066667,2.7
7/8/81,6:41:15,39.06733333,-96.07866667,1.5
6/20/81,5:16:52,38.73633333,-98.33966667,1.8
2/17/81,5:53:03,39.3835,-98.73733333,1.8
11/9/80,14:53:06,39.26483333,-95.95333333,1
9/7/80,0:22:33,39.58916667,-97.71466667,1.5
6/30/80,1:00:23,38.86733333,-96.87533333,2.45
6/29/80,16:14:31,38.94283333,-95.308,1.8
4/16/80,7:13:22,39.906,-97.27116667,1.64
3/26/80,22:56:58,39.98083333,-95.16483333,1.89
3/26/80,10:11:57,39.17516667,-99.13866667,1.71
3/21/80,9:09:56,39.91783333,-95.19916667,1.57
3/9/80,9:22:44,38.2705,-96.7295,1.62
3/9/80,5:45:50,38.275,-96.75666667,1.7
2/11/80,5:45:44,39.93433333,-97.308,2.1
12/15/79,7:30:16,37.0905,-98.47083333,1.7
12/7/79,14:17:08,39.69433333,-97.61916667,2.01
10/19/79,21:12:28,37.08983333,-98.58833333,1.78
10/19/79,16:17:26,37.06066667,-98.60716667,1.97
9/9/79,0:00:22,39.391,-95.892,1.52
8/2/79,10:46:33,38.92966667,-96.56266667,2.2
7/14/79,18:32:27,39.52566667,-99.25583333,2.1
7/1/79,19:59:35,39.89733333,-97.27866667,2.03
6/30/79,21:10:07,39.9085,-97.29233333,1.38
6/30/79,20:46:41,39.93666667,-97.27433333,3.11
6/26/79,13:04:10,39.29633333,-96.0165,2.03
6/25/79,7:30:22,38.016,-97.00566667,1.59
6/15/79,5:08:24,39.835,-97.22033333,1.88
6/3/79,5:06:22,39.44416667,-97.78866667,2.16
3/9/79,12:43:19,37.1605,-97.17683333,1.82
3/9/79,11:47:44,37.1405,-97.16716667,1.7
2/10/79,19:56:04,39.26483333,-95.90533333,1.69
1/24/79,3:42:01,39.61883333,-96.08233333,1.48
12/4/78,23:06:23,39.13783333,-100.455,2.3
12/4/78,23:06:15,37.34,-98.63966667,2.2
11/1/78,8:45:00,39.83783333,-97.3435,1.69
5/22/78,4:28:35,39.141,-96.29633333,2.25
5/20/78,1:53:44,39.50966667,-100.3895,2.25
4/14/78,23:27:38,39.81433333,-96.39466667,1.9
2/3/78,0:25:48,39.6915,-100.3818333,2.4
1/27/78,11:25:38,39.8315,-95.9725,2.42
1/13/78,20:15:42,39.5285,-96.13666667,1.72
1/11/78,21:23:04,38.86733333,-96.20133333,1.64
1/8/78,4:16:34,37.0765,-97.06666667,1.8
12/20/77,7:56:39,37.12683333,-97.03,2.34
12/16/77,6:12:27,37.16466667,-97.03633333,2